-- Songs dummy data
INSERT INTO songs (song_id, title, artist, image_link) VALUES (157666213, 'Wildest Dreams', 'Taylor Swift', 'https://is2-ssl.mzstatic.com/image/thumb/Music124/v4/b2/38/d3/b238d354-1aec-f71b-8706-26fcb1738b6d/00843930039562.rgb.jpg/400x400cc.jpg');
INSERT INTO songs (song_id, title, artist, image_link) VALUES (44827968, 'Our Song', 'Taylor Swift', 'https://is4-ssl.mzstatic.com/image/thumb/Music128/v4/fb/03/7c/fb037c3d-1205-fb5b-19e2-3c28ce2d0d14/00843930039524.rgb.jpg/400x400cc.jpg');
INSERT INTO songs (song_id, title, artist, image_link) VALUES (404666905, 'Top Off', 'Gunna', 'https://is3-ssl.mzstatic.com/image/thumb/Music124/v4/7e/95/25/7e952523-510a-8c5a-7f74-9c1afc527194/814908027713.jpg/400x400cc.jpg');
INSERT INTO songs (song_id, title, artist, image_link) VALUES (70664729, 'Catch My Breath', 'Kelly Clarkson', 'https://is2-ssl.mzstatic.com/image/thumb/Music115/v4/a7/10/e0/a710e05f-e7f5-2ead-46c1-8b073b955bbc/886443702547.jpg/400x400cc.jpg');
INSERT INTO songs (song_id, title, artist, image_link) VALUES (221452681, 'The Nights', 'Avicii', 'https://is4-ssl.mzstatic.com/image/thumb/Music115/v4/34/bc/fd/34bcfdb8-f8fc-f362-e44c-6524c3e874c0/00602547155696.rgb.jpg/400x400cc.jpg');
INSERT INTO songs (song_id, title, artist, image_link) VALUES (59063717, 'PayPhone', 'Maroon 5', 'https://is4-ssl.mzstatic.com/image/thumb/Music112/v4/50/29/c2/5029c251-690a-301d-0c4a-eba31f724578/12UMGIM26178.rgb.jpg/400x400cc.jpg');
INSERT INTO songs (song_id, title, artist, image_link) VALUES (49944485, 'Hey, Soul Sister', 'Train', 'https://is1-ssl.mzstatic.com/image/thumb/Music124/v4/fa/e8/28/fae8283a-ad10-a642-1d41-a4b3402da4ba/884977817027.jpg/400x400cc.jpg');
INSERT INTO songs (song_id, title, artist, image_link) VALUES (46757041, 'Hot N Cold', 'Katy Perry', 'https://is3-ssl.mzstatic.com/image/thumb/Music126/v4/bb/55/53/bb55534f-07bc-bba7-6690-961b96b2075e/13UABIM48773.rgb.jpg/400x400cc.jpg');
INSERT INTO songs (song_id, title, artist, image_link) VALUES (50228693, 'Party In the U.S.A.', 'Miley Cyrus', 'https://is1-ssl.mzstatic.com/image/thumb/Music124/v4/46/4d/3b/464d3b12-37aa-663f-ce71-579283028416/00050087150600.rgb.jpg/400x400cc.jpg');
INSERT INTO songs (song_id, title, artist, image_link) VALUES (324443962, 'Closer', 'The Chainsmokers', 'https://is2-ssl.mzstatic.com/image/thumb/Music125/v4/41/f8/38/41f8380b-9b56-d5d4-31f7-a6411c0c9aaa/886446102054.jpg/400x400cc.jpg');
INSERT INTO songs (song_id, title, artist, image_link) VALUES (489784199, 'God Speed', 'Zach Bryan', 'https://is4-ssl.mzstatic.com/image/thumb/Music124/v4/fb/f9/96/fbf996b4-90ac-c513-e413-3e96c7abcdc8/093624884507.jpg/400x400cc.jpg');
INSERT INTO songs (song_id, title, artist, image_link) VALUES (640034010, 'Coming Back For You', 'Fireboy DML', 'https://is1-ssl.mzstatic.com/image/thumb/Music124/v4/fa/e8/28/fae8283a-ad10-a642-1d41-a4b3402da4ba/884977817027.jpg/400x400cc.jpg');
INSERT INTO songs (song_id, title, artist, image_link) VALUES (407673089, 'The Middle', 'Zedd', 'https://is2-ssl.mzstatic.com/image/thumb/Music122/v4/8d/86/72/8d867252-5fb7-a83f-ab81-07d07db8c628/18UMGIM02231.rgb.jpg/400x400cc.jpg');
INSERT INTO songs (song_id, title, artist, image_link) VALUES (327081951, 'Mercy', 'Shawn Mendes', 'https://is4-ssl.mzstatic.com/image/thumb/Music124/v4/dd/bb/b7/ddbbb775-836a-f7da-f89a-f33029f6ef4a/16UMGIM51585.rgb.jpg/400x400cc.jpg');
INSERT INTO songs (song_id, title, artist, image_link) VALUES (319570836, 'Treat You Better', 'Shawn Mendes', 'https://is4-ssl.mzstatic.com/image/thumb/Music124/v4/dd/bb/b7/ddbbb775-836a-f7da-f89a-f33029f6ef4a/16UMGIM51585.rgb.jpg/400x400cc.jpg');
INSERT INTO songs (song_id, title, artist, image_link) VALUES (228817222, 'Stitches', 'Shawn Mendes', 'https://is1-ssl.mzstatic.com/image/thumb/Music125/v4/fc/97/89/fc97898b-ba54-c008-b523-40715c06c8b9/15UMGIM06402.rgb.jpg/400x400cc.jpg');
INSERT INTO songs (song_id, title, artist, image_link) VALUES (58280557, 'Call Me Maybe', 'Carly Rae Jepsen', 'https://is2-ssl.mzstatic.com/image/thumb/Music124/v4/58/6f/c7/586fc7ff-de7e-9b1b-2cfd-f4f9d970ab76/12UMGIM48176.rgb.jpg/400x400cc.jpg');
INSERT INTO songs (song_id, title, artist, image_link) VALUES (435160184, 'Happier', 'Marshmello', 'https://is1-ssl.mzstatic.com/image/thumb/Music125/v4/41/fd/79/41fd7950-2fd4-a2f9-0641-1376307dd807/18UMGIM49356.rgb.jpg/400x400cc.jpg');
INSERT INTO songs (song_id, title, artist, image_link) VALUES (109582281, 'Timber', 'Pitbull', 'https://is4-ssl.mzstatic.com/image/thumb/Music125/v4/1b/c5/af/1bc5af7d-ba57-a2a2-02ce-5a07c1a1074b/886444305686.jpg/400x400cc.jpg');
INSERT INTO songs (song_id, title, artist, image_link) VALUES (157666207, 'Blank Space', 'Taylor Swift', 'https://is2-ssl.mzstatic.com/image/thumb/Music124/v4/b2/38/d3/b238d354-1aec-f71b-8706-26fcb1738b6d/00843930039562.rgb.jpg/400x400cc.jpg');
INSERT INTO songs (song_id, title, artist, image_link) VALUES (56890076, 'Starships', 'Nicki Minaj', 'https://is2-ssl.mzstatic.com/image/thumb/Music114/v4/e7/72/eb/e772eb78-dde7-617d-a760-754fb2793d0f/12UMGIM58531.rgb.jpg/400x400cc.jpg');
INSERT INTO songs (song_id, title, artist, image_link) VALUES (136812777, 'Shut Up and Dance', 'Walk the Moon', 'https://is4-ssl.mzstatic.com/image/thumb/Music124/v4/dd/bb/b7/ddbbb775-836a-f7da-f89a-f33029f6ef4a/16UMGIM51585.rgb.jpg/400x400cc.jpg');
INSERT INTO songs (song_id, title, artist, image_link) VALUES (52754378, 'Count on Me', 'Bruno Mars', 'https://is2-ssl.mzstatic.com/image/thumb/Music125/v4/98/ae/c2/98aec2e1-3be4-0311-1b44-69348fc87abb/075679956484.jpg/400x400cc.jpg');
INSERT INTO songs (song_id, title, artist, image_link) VALUES (377495989, 'Girls Like You', 'Maroon 5', 'https://is3-ssl.mzstatic.com/image/thumb/Music115/v4/60/52/ef/6052efc1-c213-505c-5539-9e5e263d301e/17UM1IM31407.rgb.jpg/400x400cc.jpg');


-- Universities
INSERT INTO universities (university_name) VALUES ('University of Colorado Boulder');
INSERT INTO universities (university_name) VALUES ('Colorado State University');
INSERT INTO universities (university_name) VALUES ('University of Utah');
INSERT INTO universities (university_name) VALUES ('University of Wyoming');
INSERT INTO universities (university_name) VALUES ('Air Force Academy');
INSERT INTO universities (university_name) VALUES ('Colorado School of Mines');


-- Users
INSERT INTO users (username, password, university_id) VALUES ('Blake', 'pw', 1);
INSERT INTO users (username, password, university_id) VALUES ('User1', 'pw', 1);
INSERT INTO users (username, password, university_id) VALUES ('User2', 'pw', 1);
INSERT INTO users (username, password, university_id) VALUES ('User3', 'pw', 1);


-- Transactions
INSERT INTO transactions (song_id, username, load_timestamp) VALUES (44827968, 'Blake', '2022-11-05T01:03:26.326Z');
INSERT INTO transactions (song_id, username, load_timestamp) VALUES (157666213 'User1' '2022-11-04T01:00:00.000Z');
INSERT INTO transactions (song_id, username, load_timestamp) VALUES (404666905, 'User2', '2022-11-03T02:36:44.084Z');
INSERT INTO transactions (song_id, username, load_timestamp) VALUES (70664729, 'User3', '2022-09-05T02:39:30.423Z');
INSERT INTO transactions (song_id, username, load_timestamp) VALUES (221452681, 'Blake', '2022-10-23T09:28:54.237Z');
INSERT INTO transactions (song_id, username, load_timestamp) VALUES (59063717, 'User3', '2022-10-03T02:36:44.084Z');
INSERT INTO transactions (song_id, username, load_timestamp) VALUES (49944485, 'User2', '2022-08-12T09:29:28.946Z');
INSERT INTO transactions (song_id, username, load_timestamp) VALUES (46757041, 'Blake', '2022-11-08T12:56:12.384Z');
INSERT INTO transactions (song_id, username, load_timestamp) VALUES (50228693, 'Blake', '2022-03-30T11:42:23.843Z');
INSERT INTO transactions (song_id, username, load_timestamp) VALUES (324443962, 'User2', '2022-06-03T03:36:44.084Z');
INSERT INTO transactions (song_id, username, load_timestamp) VALUES (489784199, 'User3', '2022-06-19T05:15:49.583Z');
INSERT INTO transactions (song_id, username, load_timestamp) VALUES (640034010, 'User2', '2022-01-17T08:01:24.957Z');
INSERT INTO transactions (song_id, username, load_timestamp) VALUES (407673089, 'Blake', '2022-04-10T010:03:34.966Z');
INSERT INTO transactions (song_id, username, load_timestamp) VALUES (327081951, 'User1', '2022-03-13T07:36:59.946Z');
INSERT INTO transactions (song_id, username, load_timestamp) VALUES (319570836, 'Blake', '2022-01-29T04:31:21.577Z');
INSERT INTO transactions (song_id, username, load_timestamp) VALUES (228817222, 'User3', '2022-02-15T09:26:39.238Z');
INSERT INTO transactions (song_id, username, load_timestamp) VALUES (58280557, 'User2', '2022-08-25T06:27:33.921Z');
INSERT INTO transactions (song_id, username, load_timestamp) VALUES (435160184, 'User1', '2022-05-19T12:38:10.391Z');
INSERT INTO transactions (song_id, username, load_timestamp) VALUES (109582281, 'Blake', '2022-02-09T12:12:19.148Z');
INSERT INTO transactions (song_id, username, load_timestamp) VALUES (157666207, 'User2', '2022-07-18T02:53:19.192Z');
INSERT INTO transactions (song_id, username, load_timestamp) VALUES (56890076, 'User1', '2022-02-27T06:18:54.740Z');
INSERT INTO transactions (song_id, username, load_timestamp) VALUES (136812777, 'User1', '2022-01-17T04:17:34.9394Z');
INSERT INTO transactions (song_id, username, load_timestamp) VALUES (52754378, 'User3', '2022-02-09T04:25:38.287Z');
INSERT INTO transactions (song_id, username, load_timestamp) VALUES (377495989, 'Blake', '2022-07-28T09:36:28.349Z');
